Company,Date,Total Assets,Total Liabilities,Common Equity - Total,Total Current Assets,Total Current Liabilities,Inventories - Total,Net Cash Flow from Operating Activities,Net Income after Tax,Income Available to Common Shares,Gross Profit Margin - %,Revenue from Business Activities - Total
GPC.HNO,3/31/2022,NULL,NULL,NULL,NULL,NULL,NULL,-53417318163,1279060910,708000278,5.54682,1.33817E+11
GPC.HNO,6/30/2022,NULL,NULL,NULL,NULL,NULL,NULL,NULL,NULL,NULL,NULL,NULL
GPC.HNO,9/30/2022,NULL,NULL,NULL,NULL,NULL,NULL,NULL,1287940266,752623178,1.85396,1.91414E+11
GPC.HNO,12/31/2022,NULL,NULL,NULL,NULL,NULL,NULL,NULL,NULL,NULL,NULL,NULL
GPC.HNO,3/31/2023,6.34395E+11,33322477205,5.84149E+11,2.89901E+11,20497449766,13295640829,-13713173944,2153113625,1846838813,8.13807,48060868038
GPC.HNO,6/30/2023,6.40239E+11,38937572031,5.84231E+11,2.95862E+11,25412077931,26122489223,-11051695023,228756152,81619127,41.94735,1883303096
GPC.HNO,9/30/2023,6.30829E+11,32777749252,5.80814E+11,2.87963E+11,21000227844,24855693792,NULL,-3250024560,-3417113031,12.93728,6186963658
GPC.HNO,12/31/2023,6.36877E+11,45589473832,5.80565E+11,2.96144E+11,35286699177,18897819978,-8418999052,-13804102,-98051418,15.72501,33332403648
GPC.HNO,3/31/2024,6.43335E+11,48770527697,5.83719E+11,2.99987E+11,38994773701,22553978162,-9990218276,1206513829,1081825049,20.4533,10780815315
GPC.HNO,6/30/2024,7.58872E+11,1.62795E+11,5.85089E+11,4.75647E+11,1.51536E+11,24679604589,4076902462,4554501370,4413701169,14.77535,21745556953
GPC.HNO,9/30/2024,7.59292E+11,1.62354E+11,5.85835E+11,4.69309E+11,1.51095E+11,18895761380,-4564651150,861922993,746041248,27.80222,10542644584
GPC.HNO,12/31/2024,7.71273E+11,1.76788E+11,5.83962E+11,4.80948E+11,1.66653E+11,21107465518,-1.11041E+11,-1753839686,-1872814638,4.71139,37521345488
GPC.HNO,3/31/2025,7.46479E+11,1.50742E+11,5.85116E+11,4.56261E+11,1.40607E+11,20881782127,801781009,1494570706,1395274223,14.02785,30564805845
QST.HN,12/31/2021,78215350611,37790283344,40425067267,22462617997,37690283344,3973316802,11549859134,3246028076,3246028076,23.76336,28191308883
QST.HN,3/31/2022,80272895522,40577057412,39695838110,25407444117,37754999412,6594591237,-5684416838,-729061627,-729061627,10.30617,10602364939
QST.HN,6/30/2022,1.07117E+11,66930171559,40186914634,50149429325,62208510631,14676908894,8509946874,5495065790,5495065790,19.30886,57006901377
QST.HN,9/30/2022,1.20514E+11,81379062602,39135067810,63940637031,76657401674,16972322036,269112510,-1051846824,-1051846824,7.23199,48075957521
QST.HN,12/31/2022,85977981842,41764813768,44213168074,19723392107,37550416840,7642884306,11315129956,5078100264,4138487384,22.28518,45510574848
QST.HN,3/31/2023,89368184329,40684394958,48683789371,24069180863,34469998030,8058803344,-5505699573,4470621297,4470621297,33.92759,22689268521
QST.HN,6/30/2023,1.3252E+11,89550743620,42968894202,65373833698,85569346692,22511067394,963557669,1048987111,1048987111,11.95421,59761651389
QST.HN,9/30/2023,1.36339E+11,95380183853,40958501975,67195340311,89197160415,15500723782,10226245465,-2180968636,-2180968636,6.27887,56540637362
QST.HN,12/31/2023,93906456012,46842379257,47064076755,23754739371,44160322129,6574689208,2398221463,6105574780,5124448702,28.4328,46113204304
QST.HN,3/31/2024,92984695573,42844440165,50140255408,22429464285,38857533227,6588110574,-5739003210,3376178653,3376178653,30.73096,22560178826
QST.HN,6/30/2024,1.39482E+11,95140351683,44341850713,67260698539,91965891345,28321570199,8015947549,1362721383,1362721383,12.65051,62778835758
QST.HN,9/30/2024,1.57535E+11,1.15931E+11,41604512411,84507844198,1.12179E+11,17161216498,-5241714146,-2737338301,-2737338301,5.55556,63934927357
QST.HN,12/31/2024,1.11774E+11,62065923719,49708468046,38333062599,59769909981,6716488828,16339141387,8103955636,7098679767,28.77481,52809108991
QST.HN,3/31/2025,1.14335E+11,59463049200,54871684829,39904290435,53686768462,19077181843,-9100452040,5463216782,5463216782,37.83602,24545587971
BED.HN,12/31/2021,50921708187,10450205797,40471502390,27225292496,9916725797,14501984769,2015326860,3601859705,3421766720,40.74814,11387306818
BED.HN,3/31/2022,53781476742,12198971824,41582504918,30440960320,11637691824,18437653700,-540940129,1111002528,1111002528,42.90201,7552066117
BED.HN,6/30/2022,62781016702,27711835433,35069181269,39792816547,27005077433,24240067869,5030769304,-837431976,-851110504,20.11287,32888725658
BED.HN,9/30/2022,56519618707,17944758607,38574860100,33886016700,17139000607,21946598552,-3370971258,3505678831,3330394889,28.30078,32459210233
BED.HN,12/31/2022,49254587465,10208279136,39046308329,26980700183,9479930736,14305415144,2082239218,471448229,447875817,30.11437,11733873131
BED.HN,3/31/2023,50465290840,11027763867,39437526973,28424414870,10299415467,18808288898,-1703854496,391218644,391218644,44.07687,8605995181
BED.HN,6/30/2023,57091481546,19173278866,37918202680,35064088038,18585358466,20766533691,5694370140,2586658617,2586658617,22.05092,30889642827
BED.HN,9/30/2023,59294732055,17535489518,41759242537,37572370982,16958139518,16410447378,6758263085,3841039857,3841039857,28.37111,32154428623
BED.HN,12/31/2023,53702845954,10655475943,43047370011,32303703256,9912025943,13900769280,843105755,1288127474,988127474,39.87295,10803837804
BED.HN,3/31/2024,54737561032,11436516411,43301044621,33661985582,10745346411,15182089392,-2714138907,253674610,240990879,40.48636,8603283691
BED.HN,6/30/2024,62926653649,24751125412,38175528237,42085577201,24023017412,31743470724,-7120988219,1879835846,1773160323,20.05317,26532681972
BED.HN,9/30/2024,60386619706,19312805047,41073814659,39765554802,18492486763,18024610837,16728281793,2898286422,2753372101,24.16824,34879117935
BED.HN,12/31/2024,54259616136,10724712975,43534903161,34289136388,9862244575,14566278482,-1010783723,2461088502,2338034077,40.81432,9501599528
BED.HN,3/31/2025,56122572261,12186127997,43936444264,36285248390,11355059597,17328698334,-1635874384,401541103,381464048,42.82485,7729526666
STH.HNO,12/31/2021,2.4821E+11,48392224892,1.99817E+11,46878486558,13476939813,6778978725,-10416695771,199869464,199869464,33.35257,8066917107
STH.HNO,3/31/2022,2.72867E+11,73010257763,1.99856E+11,71819231094,34594972684,7009715339,-11784674346,38819749,38819749,35.26378,6114748498
STH.HNO,6/30/2022,2.73082E+11,72903686728,2.00179E+11,2.52709E+11,33086202779,8444724698,-8311173720,322308144,322308144,34.32048,5345494758
STH.HNO,9/30/2022,2.7179E+11,71039620077,2.00751E+11,2.11049E+11,71039620077,13422144937,-12642847010,606229948,606229948,34.48942,9551049573
STH.HNO,12/31/2022,2.62141E+11,66023803494,1.96118E+11,1.72941E+11,27663018415,9008385192,11404296814,-4633018669,-4633018669,12.68652,9102838678
STH.HNO,3/31/2023,3.07818E+11,81469664381,1.91709E+11,2.19312E+11,42667148863,10983223805,10810428608,51244237,51244237,57.25175,5563747195
STH.HNO,6/30/2023,2.14577E+11,14455147953,2.00122E+11,1.74778E+11,12173662874,12289533884,-19610766086,3952672613,3952672613,19.97037,7184340268
STH.HNO,9/30/2023,2.17049E+11,18033004778,1.99016E+11,1.77717E+11,12951519699,13925038213,-3626794747,-1105834190,-1105834190,40.24225,6070239731
STH.HNO,12/31/2023,2.11703E+11,13801868047,1.97901E+11,1.73382E+11,13736368047,13918360877,87057120,-1114203451,-1114203451,39.81554,6914500133
STH.HNO,3/31/2024,2.12139E+11,13766099902,1.98373E+11,1.7456E+11,13700599902,15344027680,2822783814,471178501,471178501,33.76206,4979884686
STH.HNO,6/30/2024,2.10924E+11,11886585943,1.99037E+11,1.70901E+11,11821085943,16706006196,-65439500,664467297,664467297,30.19394,4940089091
STH.HNO,9/30/2024,2.14078E+11,14479381300,1.99599E+11,1.7749E+11,14479381300,16875217085,362739925,561810891,561810891,25.66039,7934510710
STH.HNO,12/31/2024,2.13855E+11,14673139130,1.99181E+11,1.74351E+11,14587639130,16527643958,78803280,-417586478,-417586478,23.15571,9479626523
STH.HNO,3/31/2025,2.11278E+11,12061243761,1.99217E+11,1.72073E+11,11975743761,14389876494,3048522045,35330660,35330660,25.76938,7529176715
DST.HN,12/31/2021,3.73935E+11,13488800954,3.60437E+11,1.31227E+11,10169771547,891454862,22135823104,40446636130,40445758530,1.04498,19584049450
DST.HN,3/31/2022,4.07347E+11,35719550084,3.71618E+11,1.64662E+11,32447144212,2498329300,1946048098,11180662924,11180756705,10.24202,238946882
DST.HN,6/30/2022,4.03405E+11,19827602338,3.83568E+11,1.59651E+11,14719122338,10846040757,-3207396665,11949728566,11949815728,7.87729,7610556004
DST.HN,9/30/2022,4.40417E+11,49378991785,3.91029E+11,1.32309E+11,49378991785,36453655739,64621980947,7540163932,7540251094,13.06291,3857282896
DST.HN,12/31/2022,4.13008E+11,17349241699,3.95649E+11,27448215531,17349241699,2002703003,94409127088,1269381735,1268511213,3.98815,38132498422
DST.HN,3/31/2023,4.33995E+11,37907852905,3.96078E+11,43907755697,37636928155,1976283145,-1186198940,457184395,457713857,40.67595,49132063
DST.HN,6/30/2023,4.07633E+11,26209025101,3.81415E+11,41551541427,26209025101,16469633263,-16872806450,-14691790038,-14692076240,8.62678,8428643830
DST.HN,9/30/2023,6.00241E+11,2.11318E+11,3.88913E+11,2.34208E+11,2.11318E+11,38306281993,10912196488,7498216959,7498389911,8.12634,8995541055
DST.HN,12/31/2023,4.22473E+11,25334538754,3.97128E+11,56427409537,25319254936,4392993588,-156132049,8280353913,8279777210,3.04422,36204891000
DST.HN,3/31/2024,NULL,NULL,3.97166E+11,NULL,NULL,NULL,-7642363106,90435602,90435602,52.13117,223948500
DST.HN,6/30/2024,4.32131E+11,33268199034,3.98853E+11,66279920795,33252915216,16100031184,1115990198,1687394992,1687213632,2.46192,12648561337
DST.HN,9/30/2024,4.54737E+11,55677377890,3.9905E+11,89281561624,55662094072,39412379064,-960720742,196735024,196713987,2.93472,8772941155
DST.HN,12/31/2024,4.00543E+11,1529347574,3.99013E+11,4352647805,1529347574,NULL,40954848920,-145206714,-145339120,1.49584,39085896734
DST.HN,3/31/2025,4.00338E+11,1322642962,3.99016E+11,4151122393,1322642962,NULL,-12526384,2207979,2207979,NULL,0
PNC.HM,12/31/2021,5.11257E+11,3.59051E+11,1.52206E+11,4.64556E+11,3.54739E+11,2.54975E+11,1.08264E+11,5627026091,5627026091,35.97233,1.30736E+11
PNC.HM,3/31/2022,5.05716E+11,3.50357E+11,1.55359E+11,4.54521E+11,3.4493E+11,2.48235E+11,12436134453,3227256327,3227256327,40.86628,1.36258E+11
PNC.HM,6/30/2022,5.30617E+11,3.71704E+11,1.58913E+11,4.89529E+11,3.67366E+11,2.66098E+11,13182770513,3479806461,3479806461,34.70586,1.80292E+11
PNC.HM,9/30/2022,5.7989E+11,4.10307E+11,1.69583E+11,5.42812E+11,4.04965E+11,2.68541E+11,48778626482,10669416547,10669416547,40.97373,2.01951E+11
PNC.HM,12/31/2022,5.37823E+11,3.72359E+11,1.65464E+11,5.04565E+11,3.68163E+11,2.71425E+11,-32390900348,-4118981384,-4118981384,29.19136,1.92099E+11
PNC.HM,3/31/2023,5.71795E+11,4.02789E+11,1.69007E+11,5.32198E+11,3.98015E+11,2.79264E+11,20715478755,3543102663,3543102663,39.63956,1.69723E+11
PNC.HM,6/30/2023,5.59307E+11,3.84228E+11,1.7508E+11,5.25146E+11,3.80109E+11,2.83141E+11,-3627027561,6072753807,6072753807,37.19514,1.58976E+11
PNC.HM,9/30/2023,5.76579E+11,3.94566E+11,1.82013E+11,5.36697E+11,3.90385E+11,2.72089E+11,4721069907,6933458841,6933458841,35.9207,1.85099E+11
PNC.HM,12/31/2023,5.27722E+11,3.45478E+11,1.82244E+11,4.94537E+11,3.44716E+11,2.47564E+11,5155929398,230585082,230585082,43.86563,1.39532E+11
PNC.HM,3/31/2024,5.4987E+11,3.65214E+11,1.84656E+11,5.03639E+11,3.63622E+11,2.56889E+11,7990285539,2411839520,2411839520,42.10056,1.34635E+11
PNC.HM,6/30/2024,5.63557E+11,3.78557E+11,1.85E+11,5.15491E+11,3.77256E+11,2.92082E+11,-17417865234,344040347,344040347,39.08202,1.40726E+11
PNC.HM,9/30/2024,6.09554E+11,4.20434E+11,1.8912E+11,5.48679E+11,4.19084E+11,3.06449E+11,32750259400,4119988293,4119988293,38.69019,1.82094E+11
PNC.HM,12/31/2024,5.70849E+11,3.83792E+11,1.87058E+11,5.18255E+11,3.82549E+11,2.93299E+11,-13353078359,3337664440,3337664440,42.57563,1.57021E+11
PNC.HM,3/31/2025,5.76481E+11,3.86933E+11,1.89548E+11,5.12861E+11,3.85641E+11,2.87125E+11,9374577424,2490806956,2490806956,38.82484,1.46333E+11
BSC.HN,12/31/2021,40528458192,2871558518,37656899674,36255288333,2431558518,0,596965142,344067373,326887990,64.8714,1366877274
BSC.HN,3/31/2022,40487187961,2527299997,37959887964,36570418649,2087299997,0,1110595555,302988290,302988290,74.94267,1757909092
BSC.HN,6/30/2022,39723797820,2714931161,37008866659,36237581420,2274931161,0,143544483,624352195,624352195,61.78944,2236174692
BSC.HN,9/30/2022,40534092715,3213913105,37320179610,37260175285,2773913105,0,671913206,311312951,311312951,73.9566,1767542669
BSC.HN,12/31/2022,40695431734,2743340432,37952091302,29049067220,2203340432,0,1880744301,631911692,351326922,69.079,1626759089
BSC.HN,3/31/2023,41216662267,2644437830,38572224437,29590596724,2104437830,0,113179777,620133135,620133135,80.73305,1859242546
BSC.HN,6/30/2023,42928328631,5417829929,37510498702,30178107514,4877829929,0,2559043260,794232535,582077684,68.03394,1888777160
BSC.HN,9/30/2023,41900662684,3801939679,38098723005,29540947020,3261939679,0,-139652599,588224303,588224303,75.08082,1881667638
BSC.HN,12/31/2023,41792052614,3030682012,38761370602,29919569233,2467682012,0,1459068526,662647597,369647597,62.80156,2076726198
BSC.HN,3/31/2024,42160179015,3132841246,39027337769,23246279972,2545841246,0,1038456128,558967167,558967167,54.36381,2535252638
BSC.HN,6/30/2024,43427901052,3797850950,39630050102,25147717971,3210850950,554119000,1078269531,602712333,474927588,61.67532,2355356638
BSC.HN,9/30/2024,44090111720,3971266468,40118845252,26338909723,3384266468,17574000,1383414177,488795150,488795150,48.40617,3275356604
BSC.HN,12/31/2024,43384210473,2754607519,40629602954,25845072463,2167607519,0,-185178818,510757702,379542447,51.86336,2984593513
BSC.HN,3/31/2025,44485509268,6668136165,37817373103,27099780248,6104136165,217686000,2644798158,597865032,597865032,50.9673,2804626842
BDB.HN,12/31/2021,24525352692,10431557740,14093794952,20203635614,10341557740,12441214874,2312982478,847568518,698099247,20.14023,18900662453
BDB.HN,3/31/2022,21735981749,7579894176,14156087573,17481344944,7489894176,10311392688,-2300496778,62292621,62292621,11.66534,6420782392
BDB.HN,6/30/2022,53048873746,39591977839,13456895907,48912213029,39501977839,25882931520,10550403442,663303382,503672261,9.42803,32049728693
BDB.HN,9/30/2022,48943850354,35216283859,13727566495,44249091560,35060283859,29991877597,-18801948379,270670588,430301709,9.91374,17731366833
BDB.HN,12/31/2022,21350159875,7224047237,14126112638,16729037540,7134047237,13456283652,6933500428,398546143,91687342,10.5008,18631295109
BDB.HN,3/31/2023,27425275840,14569739245,12855536595,22917827543,14479739245,16865663600,-490696828,54496054,54496054,11.6384,6269516709
BDB.HN,6/30/2023,36244739481,22978377809,13266361672,31741378058,22888377809,20828255197,3923378117,410825077,378252598,8.87078,25108051345
BDB.HN,9/30/2023,32811626867,19217084438,13594542429,28374336741,19127084438,20229151417,-1349215726,328180757,328180757,9.55895,20176383004
BDB.HN,12/31/2023,19661962712,5917817064,13744145648,15307826225,5917817064,12141259188,-1282382099,149603219,149603219,12.58195,12906914144
BDB.HN,3/31/2024,19355924449,6549401285,12806523164,15104345555,6549401285,12074545512,1503075826,29574073,29574073,20.55353,2822974858
BDB.HN,6/30/2024,40604829189,27561621083,13043208106,36441556719,27561621083,25090631954,2592018167,236684942,236684942,6.87183,26606502930
BDB.HN,9/30/2024,37992041784,24634473375,13357568409,33892693662,24634473375,23143162667,2841796933,314360303,314360303,7.47238,27554547125
BDB.HN,12/31/2024,25695692315,12127954170,13567738145,21639120427,12127954170,18036302116,-6059861476,100839112,100839112,13.59902,12075142530
BDB.HN,3/31/2025,27031754698,14544738730,12487015968,23026134323,14544738730,19257371939,-4481116777,-135157663,-135157663,16.80924,3436584730
LBE.HN,12/31/2021,30095123762,9799351809,20295771953,24884336666,9675376809,17515404738,-3685440784,758879477,657118353,13.55159,24142984442
LBE.HN,3/31/2022,28952400246,8257997397,20694402849,23842849266,8181009897,15017109478,2373865619,398630896,398630896,18.68458,9830171106
LBE.HN,6/30/2022,45096062037,24039440892,21056621145,40096421729,24009440892,28001397538,-5786157647,357059420,304161098,10.71104,24459130436
LBE.HN,9/30/2022,32840431920,10699247132,22141184788,27879528173,10669247132,16260783611,13805005249,1084563643,1084563643,10.7931,51973873085
LBE.HN,12/31/2022,25024159185,2578384050,22445775135,20122003797,2548384050,12751884361,-5694279622,304590347,154451246,13.83837,12364407627
LBE.HN,3/31/2023,36686146687,14389353311,22296793376,31701499294,14359353311,14118609637,-554932166,-148961759,-148961759,14.5308,4652095153
LBE.HN,6/30/2023,40352058858,17637873792,22714185066,35379952658,17607873792,21561011142,981021041,607510791,575412359,8.03608,39040152783
LBE.HN,9/30/2023,32536315506,8961800038,23574515468,27674166864,8931800038,16128000576,10074202629,860330402,892428834,11.75329,41227499673
LBE.HN,12/31/2023,26381519953,2560303744,23821216209,21629346706,2530303744,14827740588,-10438176839,245650744,136133632,23.5254,5774112869
LBE.HN,3/31/2024,25091540287,1924750869,23166789418,11528082304,1894750869,0,-867615692,-804304948,-803555557,16.29864,2517125042
LBE.HN,6/30/2024,45980631783,22593407513,23335665384,41361075709,22563407513,28942347214,-3627024324,281075460,279516574,12.06073,23964480144
LBE.HN,9/30/2024,54797037411,29945062226,24796839853,50283540937,29915062226,20599627328,-1633784948,1464750915,1461174468,9.92758,49073921653
LBE.HN,12/31/2024,41696267912,15039768721,26604648655,36406026297,15009768721,19795015313,-5806571793,1804524006,1807808802,25.50285,17169544329
LBE.HN,3/31/2025,53107372252,20834500527,32221686341,43522880993,20804500527,24820968224,3619597087,5616372534,5617037687,65.01515,34287901211
SMN.HN,12/31/2021,1.42167E+11,68103200647,74063845351,1.10673E+11,68103200647,36159006792,9631619250,3331917568,357440608,25.88025,65171471981
SMN.HN,3/31/2022,2.53446E+11,1.79479E+11,73967005134,2.22198E+11,1.79479E+11,1.80017E+11,-63714392140,-96840217,-96840217,18.64204,20764101332
SMN.HN,6/30/2022,3.26202E+11,2.53789E+11,72412520184,2.95984E+11,2.53789E+11,1.16045E+11,54014636198,4977109192,3269015050,12.18534,2.51157E+11
SMN.HN,9/30/2022,1.6871E+11,92749820611,75960152277,1.37738E+11,92749820611,59750540663,3471526858,3547632093,3547632093,12.46782,1.63735E+11
SMN.HN,12/31/2022,1.08896E+11,31997979432,76897842815,77966588069,31997979432,24872586583,13468861307,3352864259,-770403604,32.02868,64626165641
SMN.HN,3/31/2023,1.34301E+11,57625836077,76675078026,1.03372E+11,57625836077,60579990662,-44434998862,-222764789,-222764789,23.56752,14439814001
SMN.HN,6/30/2023,2.4269E+11,1.6803E+11,74659658703,2.12471E+11,1.6803E+11,91429739094,8776210229,3972896925,2660350677,12.04367,1.86642E+11
SMN.HN,9/30/2023,1.74478E+11,95483402432,78994902660,1.4453E+11,95483402432,58351985621,21481717698,4335243957,4335243957,14.42082,1.96321E+11
SMN.HN,12/31/2023,97886358840,19351850722,78534508118,68187972186,19351850722,25917185731,9583299960,1454247449,-1884620790,29.00087,50441543709
SMN.HN,3/31/2024,93776626504,16430053660,77346572844,63615430591,16430053660,37368741644,-5597025742,-1187935274,-1187935274,26.59507,3962240126
SMN.HN,6/30/2024,2.28257E+11,1.52439E+11,75817710792,1.98222E+11,1.52439E+11,1.05986E+11,-46045651832,4462862466,3316637948,12.31484,2.26974E+11
SMN.HN,9/30/2024,1.79174E+11,97914731533,81259525560,1.49632E+11,97914731533,58201106829,51248491618,5441814768,5441814768,12.67182,1.95991E+11
SMN.HN,12/31/2024,1.01311E+11,21609262402,79702118234,72177986345,21609262402,38158371000,7552739235,534196680,-1557407326,32.91326,37156627880
SMN.HN,3/31/2025,99504631026,19749111199,79755519827,70356421920,19749111199,31484148713,-7907474125,53401593,53401593,22.08006,18718567776
FHS.HNO,3/31/2022,1.1149E+12,9.6421E+11,1.49171E+11,1.03288E+12,9.63841E+11,6.28951E+11,54634603546,4456253126,4704049828,24.20626,6.41923E+11
FHS.HNO,6/30/2022,1.4425E+12,1.28372E+12,1.56675E+11,1.36221E+12,1.28335E+12,8.19315E+11,1.17755E+11,8050667557,7979596743,22.30121,1.13503E+12
FHS.HNO,9/30/2022,1.64984E+12,1.46683E+12,1.80783E+11,1.56999E+12,1.46646E+12,7.47536E+11,1.35694E+11,18701926747,18758741231,22.5888,1.41388E+12
FHS.HNO,12/31/2022,1.29767E+12,1.12246E+12,1.73153E+11,1.22597E+12,1.12209E+12,6.97912E+11,-1.33688E+11,5377016315,5199038299,26.2158,7.32715E+11
FHS.HNO,3/31/2023,1.34752E+12,1.15696E+12,1.87742E+11,1.28002E+12,1.15659E+12,7.20606E+11,39019660519,15363560897,14941979251,31.13733,6.98397E+11
FHS.HNO,6/30/2023,1.62628E+12,1.44926E+12,1.74573E+11,1.55469E+12,1.44888E+12,9.46644E+11,-1511677423,7042608974,7399740029,24.56179,1.12783E+12
FHS.HNO,9/30/2023,1.74482E+12,1.56148E+12,1.80673E+11,1.67253E+12,1.5611E+12,8.26404E+11,1.18598E+11,15002366520,14786108175,23.99605,1.43163E+12
FHS.HNO,12/31/2023,1.41942E+12,1.21645E+12,2.00268E+11,1.33227E+12,1.21605E+12,6.97432E+11,-27069469287,19203292872,3482431006,19.64086,7.38871E+11
FHS.HNO,3/31/2024,1.38854E+12,1.17006E+12,2.15892E+11,1.31022E+12,1.1686E+12,7.35228E+11,-58440426669,15510561806,15432545145,31.39728,7.14633E+11
FHS.HNO,6/30/2024,1.70408E+12,1.50951E+12,1.91921E+11,1.625E+12,1.50775E+12,9.02214E+11,62957301792,7008835194,7039274281,23.61963,1.11317E+12
FHS.HNO,9/30/2024,1.8135E+12,1.61079E+12,2.00077E+11,1.73815E+12,1.6088E+12,8.48644E+11,1.18923E+11,16386486016,15850429601,23.44254,1.48595E+12
FHS.HNO,12/31/2024,1.49701E+12,1.27518E+12,2.18357E+11,1.42413E+12,1.27461E+12,8.09177E+11,-1.14143E+11,18779175773,18973419292,26.77488,7.79761E+11
FHS.HNO,3/31/2025,1.44071E+12,1.20309E+12,2.3428E+11,1.37525E+12,1.20252E+12,8.00766E+11,-46184113771,15795797541,15776306086,30.92866,7.717E+11
DGW.HM,12/31/2021,6.54482E+12,4.76354E+12,1.7792E+12,6.2555E+12,4.7533E+12,2.88811E+12,8.8551E+11,3.24178E+11,3.23997E+11,7.74604,7.87335E+12
DGW.HM,3/31/2022,6.66924E+12,4.67424E+12,1.99292E+12,6.38067E+12,4.6633E+12,3.51223E+12,-1.81436E+12,2.10837E+11,2.10838E+11,6.65534,7.0087E+12
DGW.HM,6/30/2022,6.13652E+12,4.07611E+12,2.05829E+12,5.85292E+12,4.06627E+12,3.39661E+12,3.54956E+11,1.36921E+11,1.36885E+11,6.52174,4.91016E+12
DGW.HM,9/30/2022,6.6098E+12,4.36909E+12,2.2386E+12,6.07624E+12,4.35914E+12,2.72312E+12,52370572938,1.80293E+11,1.80306E+11,6.69318,6.06522E+12
DGW.HM,12/31/2022,6.35542E+12,3.93214E+12,2.39436E+12,5.78235E+12,3.88227E+12,3.25434E+12,3.44308E+11,1.55551E+11,1.55754E+11,11.63337,4.04405E+12
DGW.HM,3/31/2023,5.91635E+12,3.41116E+12,2.47374E+12,5.37905E+12,3.3789E+12,3.03277E+12,-5.2283E+11,81908484036,79389136337,6.5843,3.95993E+12
DGW.HM,6/30/2023,6.55964E+12,4.0065E+12,2.52989E+12,6.02342E+12,3.98565E+12,2.59294E+12,4.81172E+11,87136091905,83016354849,8.55076,4.59581E+12
DGW.HM,9/30/2023,7.00315E+12,4.34671E+12,2.6323E+12,6.4837E+12,4.32605E+12,2.24857E+12,7.4577E+11,1.03301E+11,1.02415E+11,7.10986,5.41276E+12
DGW.HM,12/31/2023,7.45903E+12,4.83218E+12,2.59438E+12,6.80246E+12,4.816E+12,3.01649E+12,-1.39985E+11,90245185604,89571686126,10.74341,4.84898E+12
DGW.HM,3/31/2024,6.90238E+12,4.18298E+12,2.68622E+12,6.2872E+12,4.16874E+12,2.94484E+12,-6.70125E+11,93180739226,92468965571,7.78594,4.985E+12
DGW.HM,6/30/2024,7.35509E+12,4.54686E+12,2.77588E+12,6.75334E+12,4.53441E+12,2.90841E+12,-2.20844E+11,87599263235,89061607257,9.27162,5.00801E+12
DGW.HM,9/30/2024,7.87087E+12,5.03025E+12,2.81106E+12,7.18649E+12,5.01538E+12,2.85986E+12,4.04781E+11,1.21042E+11,1.2175E+11,9.6702,6.22597E+12
DGW.HM,12/31/2024,8.49932E+12,5.48733E+12,2.97403E+12,7.7717E+12,5.48479E+12,3.50084E+12,4.35551E+11,1.46484E+11,1.40356E+11,10.36871,5.85985E+12
DGW.HM,3/31/2025,7.8402E+12,4.72404E+12,3.07995E+12,7.27634E+12,4.72151E+12,3.18934E+12,-3.66357E+11,1.0639E+11,1.05923E+11,8.70987,5.51932E+12
AST.HM,12/31/2021,5.02534E+11,90075426669,3.73006E+11,2.81552E+11,87335411194,28261870280,-10724208480,-18064711466,-15392431114,68.15255,27933932926
AST.HM,3/31/2022,4.89351E+11,96947539761,3.51879E+11,2.67697E+11,87455824286,26237482772,-9041689402,-23691559320,-21066020952,46.04833,67668554137
AST.HM,6/30/2022,5.15217E+11,1.06226E+11,3.65645E+11,2.98952E+11,96982795006,30872241243,39785620606,16598878422,13756438635,53.36221,1.34589E+11
AST.HM,9/30/2022,5.66023E+11,1.34381E+11,3.78131E+11,3.34779E+11,1.26361E+11,45094211230,27932056853,15551117886,12714108704,53.0842,1.85098E+11
AST.HM,12/31/2022,5.78866E+11,1.23392E+11,3.94626E+11,3.50001E+11,1.15515E+11,53585399003,48562552397,25343332094,16883277092,54.64729,2.16234E+11
AST.HM,3/31/2023,5.87815E+11,98138909955,4.20292E+11,3.5944E+11,90705394480,55218117527,35723445062,34329705859,24761167663,56.47342,2.63111E+11
AST.HM,6/30/2023,6.58818E+11,1.3044E+11,4.51276E+11,4.30717E+11,1.2919E+11,79378731641,41345733119,38946664626,31126912940,58.28617,2.62146E+11
AST.HM,9/30/2023,7.0668E+11,1.46876E+11,4.80471E+11,4.73255E+11,1.45874E+11,84826614039,54904394089,37299698468,29333644973,58.8565,2.85192E+11
AST.HM,12/31/2023,7.61244E+11,1.73524E+11,5.05366E+11,5.20293E+11,1.71324E+11,1.0056E+11,57413704825,40021450411,25045066615,58.80366,2.89243E+11
AST.HM,3/31/2024,7.95592E+11,1.80337E+11,5.40148E+11,5.6488E+11,1.77946E+11,82109025795,55744025664,50097708310,34931983132,60.79486,3.39525E+11
AST.HM,6/30/2024,8.05963E+11,1.92445E+11,5.18617E+11,5.79462E+11,1.90048E+11,85191219912,56782737361,42996744307,32631112035,60.8347,3.09803E+11
AST.HM,9/30/2024,8.40463E+11,1.90895E+11,5.57381E+11,6.19386E+11,1.89419E+11,77556413447,60925574753,49641550804,38911653043,61.24735,3.29212E+11
AST.HM,12/31/2024,8.5328E+11,2.34981E+11,5.26342E+11,6.05818E+11,2.34425E+11,86555253302,1.02634E+11,59642833991,42146310230,61.62924,3.51502E+11
AST.HM,3/31/2025,8.90893E+11,1.98988E+11,5.80853E+11,6.41802E+11,1.98988E+11,81387404692,71119293887,73772537016,54663465814,63.02232,3.84846E+11
PET.HM,12/31/2021,8.49314E+12,6.55341E+12,1.81624E+12,7.16434E+12,6.38214E+12,1.44715E+12,-1.96145E+11,1.38076E+11,1.05808E+11,5.7983,6.11307E+12
PET.HM,3/31/2022,8.44489E+12,6.41995E+12,1.88915E+12,7.12724E+12,6.23001E+12,1.96349E+12,-3.51622E+11,88736368222,67802224848,4.13422,4.81578E+12
PET.HM,6/30/2022,8.32679E+12,6.3043E+12,1.88008E+12,7.01713E+12,6.13482E+12,2.08672E+12,-1.87757E+11,14734452919,6086999411,8.4623,3.45763E+12
PET.HM,9/30/2022,9.47461E+12,7.4197E+12,1.88592E+12,8.17646E+12,7.2232E+12,2.28818E+12,-1.56105E+11,73623258066,53763400539,4.94701,4.55681E+12
PET.HM,12/31/2022,9.0395E+12,6.97708E+12,1.9349E+12,7.75629E+12,6.86058E+12,2.41859E+12,6.17286E+11,-9675595462,-19273650882,5.30411,4.7131E+12
PET.HM,3/31/2023,1.01565E+13,8.08408E+12,1.93422E+12,8.8848E+12,7.96844E+12,2.15518E+12,5.10383E+11,39696649729,32572251191,4.29428,4.24577E+12
PET.HM,6/30/2023,9.78959E+12,7.69389E+12,1.96727E+12,8.53821E+12,7.61066E+12,1.45053E+12,4.81517E+11,4064785697,-206385685,2.97265,4.52613E+12
PET.HM,9/30/2023,8.77614E+12,6.66705E+12,1.97809E+12,7.54524E+12,6.58963E+12,1.6522E+12,-2.43489E+11,51010043615,41562562631,4.64847,4.25427E+12
PET.HM,12/31/2023,9.47948E+12,7.29322E+12,2.02718E+12,8.25919E+12,7.24074E+12,1.90236E+12,-7.98597E+11,44225772278,30762940052,4.95529,4.19162E+12
PET.HM,3/31/2024,1.04244E+13,8.23787E+12,2.03328E+12,9.22676E+12,8.17731E+12,2.04867E+12,-6.86866E+11,39380707853,35122545129,3.90581,4.26904E+12
PET.HM,6/30/2024,9.09672E+12,6.82939E+12,2.09054E+12,7.92E+12,6.794E+12,1.91165E+12,1.32428E+11,44744541631,28324298880,5.00965,4.52207E+12
PET.HM,9/30/2024,9.05943E+12,6.75343E+12,2.08707E+12,7.89077E+12,6.70643E+12,1.26555E+12,92337167126,74454884697,50043127266,4.58303,5.65329E+12
PET.HM,12/31/2024,1.0165E+13,7.82675E+12,2.1689E+12,9.02131E+12,7.79964E+12,1.71808E+12,9.91122E+11,61297214795,28377302057,5.16425,4.59931E+12
PET.HM,3/31/2025,1.08346E+13,8.45222E+12,2.20352E+12,9.70208E+12,8.40237E+12,1.70784E+12,6.47495E+11,44722865983,36041587893,4.79754,4.01673E+12
MWG.HM,12/31/2021,6.29714E+13,4.25932E+13,2.03664E+13,5.19553E+13,4.25932E+13,2.91672E+13,-1.95484E+12,1.56331E+12,1.56249E+12,20.40739,3.61383E+13
MWG.HM,3/31/2022,6.23706E+13,4.05603E+13,2.17977E+13,5.13937E+13,4.05603E+13,3.25879E+13,-2.83063E+12,1.44524E+12,1.44447E+12,22.2786,3.64667E+13
MWG.HM,6/30/2022,5.92169E+13,3.68125E+13,2.23911E+13,4.81288E+13,3.68125E+13,2.82541E+13,4.57049E+12,1.13067E+12,1.13001E+12,21.36547,3.43377E+13
MWG.HM,9/30/2022,6.1282E+13,3.79685E+13,2.32989E+13,5.01834E+13,3.2001E+13,2.86879E+13,1.25654E+12,9.06779E+11,9.06246E+11,23.09143,3.2012E+13
MWG.HM,12/31/2022,5.58341E+13,3.19015E+13,2.39181E+13,4.45776E+13,2.60003E+13,2.56961E+13,6.15726E+12,6.19022E+11,6.19041E+11,26.18424,3.05884E+13
MWG.HM,3/31/2023,5.3919E+13,2.99656E+13,2.39389E+13,4.3359E+13,2.40643E+13,2.09574E+13,4.36262E+12,21281314442,21266943546,19.23757,2.71058E+13
MWG.HM,6/30/2023,5.93685E+13,3.61361E+13,2.3219E+13,4.98593E+13,3.02367E+13,2.21222E+13,-2.83503E+11,17413949383,17405665662,18.46665,2.94648E+13
MWG.HM,9/30/2023,5.86448E+13,3.53746E+13,2.32567E+13,4.98254E+13,2.94753E+13,2.28535E+13,-9.59713E+11,38815863119,38739225905,18.74851,3.02877E+13
MWG.HM,12/31/2023,6.01112E+13,3.67517E+13,2.33462E+13,5.19503E+13,3.07653E+13,2.18242E+13,1.4308E+12,90318027995,90257557591,19.68863,3.14215E+13
MWG.HM,3/31/2024,6.35435E+13,3.75094E+13,2.52809E+13,5.62594E+13,3.1421E+13,2.04924E+13,5.36155E+12,9.02974E+11,9.02437E+11,21.31903,3.14865E+13
MWG.HM,6/30/2024,6.58698E+13,3.93931E+13,2.61222E+13,5.96882E+13,3.326E+13,2.10408E+13,3.46027E+12,1.17238E+12,1.17228E+12,21.40886,3.41341E+13
MWG.HM,9/30/2024,6.69E+13,3.96245E+13,2.69159E+13,6.1075E+13,3.34714E+13,2.18536E+13,1.34446E+12,8.05787E+11,8.0015E+11,20.18326,3.41467E+13
MWG.HM,12/31/2024,7.04378E+13,4.23162E+13,2.77576E+13,6.58364E+13,4.23162E+13,2.22447E+13,7.28356E+11,8.52144E+11,8.47004E+11,19.05184,3.45739E+13
MWG.HM,3/31/2025,7.26792E+13,4.30101E+13,2.93035E+13,6.83502E+13,4.30101E+13,2.28085E+13,2.95456E+12,1.54783E+12,1.54594E+12,19.92644,3.6135E+13
FRT.HM,12/31/2021,1.07861E+13,9.10679E+12,1.66221E+12,1.02219E+13,9.10671E+12,4.93036E+12,-8.66098E+11,3.35494E+11,3.35254E+11,14.93905,8.47742E+12
FRT.HM,3/31/2022,1.07825E+13,8.93387E+12,1.8268E+12,1.01507E+13,8.93378E+12,5.11461E+12,-1.5466E+11,1.69354E+11,1.64587E+11,15.83374,7.78564E+12
FRT.HM,6/30/2022,1.00181E+13,8.16223E+12,1.83399E+12,9.29944E+12,8.16208E+12,5.11491E+12,-1.83331E+11,46780263197,46687414644,15.18054,6.2132E+12
FRT.HM,9/30/2022,9.92619E+12,7.98501E+12,1.91854E+12,9.04997E+12,7.98486E+12,5.45801E+12,-4.9719E+11,85266370370,84543692032,15.522,7.70915E+12
FRT.HM,12/31/2022,1.05238E+13,8.47446E+12,2.00823E+12,9.3268E+12,8.47437E+12,6.48383E+12,-5.13538E+11,96673220083,94497948195,15.7323,8.45782E+12
FRT.HM,3/31/2023,9.44047E+12,7.38906E+12,2.00316E+12,8.15556E+12,7.38861E+12,6.30318E+12,-3.6562E+11,2070443499,-5074297215,15.30247,7.75287E+12
FRT.HM,6/30/2023,9.17849E+12,7.40108E+12,1.72531E+12,7.68779E+12,7.4006E+12,6.06492E+12,7.59129E+11,-2.14752E+11,-2.18606E+11,15.07965,7.17081E+12
FRT.HM,9/30/2023,1.17201E+13,9.92468E+12,1.70285E+12,1.00565E+13,9.92414E+12,7.28998E+12,-2.82393E+11,-13022381327,-21085965344,16.65025,8.23595E+12
FRT.HM,12/31/2023,1.30984E+13,1.13793E+13,1.59926E+12,1.14153E+13,1.13787E+13,8.42686E+12,-1.89966E+12,-1.03493E+11,-1.00877E+11,17.52152,8.69002E+12
FRT.HM,3/31/2024,1.26369E+13,1.0857E+13,1.63802E+12,1.0921E+13,1.08565E+13,7.5371E+12,1.39692E+12,60687285639,38763912024,19.98904,9.04166E+12
FRT.HM,6/30/2024,1.23269E+13,1.04986E+13,1.66476E+12,1.0593E+13,1.04873E+13,7.78881E+12,5.88256E+11,48451640005,26743110687,19.6005,9.23951E+12
FRT.HM,9/30/2024,1.44748E+13,1.24837E+13,1.80577E+12,1.26915E+13,1.24832E+13,9.1166E+12,-1.71306E+11,1.65413E+11,1.40911E+11,18.21828,1.03757E+13
FRT.HM,12/31/2024,1.58326E+13,1.37127E+13,1.91181E+12,1.40262E+13,1.37122E+13,1.02347E+13,-1.08471E+12,1.33862E+11,1.11098E+11,18.12129,1.14476E+13
FRT.HM,3/31/2025,1.66361E+13,1.43035E+13,2.07977E+12,1.48237E+13,1.4303E+13,9.76587E+12,1.17999E+12,2.12784E+11,1.67963E+11,19.91887,1.16698E+13
HUT.HN,12/31/2021,1.08154E+13,7.00787E+12,3.83866E+12,2.29075E+12,1.24461E+12,78003107240,-5.07289E+11,1.90572E+11,1.95877E+11,30.0446,2.44558E+11
HUT.HN,3/31/2022,1.08568E+13,6.91318E+12,3.96134E+12,2.3853E+12,1.30234E+12,61233836775,1.93431E+11,88217674476,89073131553,41.3903,2.39957E+11
HUT.HN,6/30/2022,1.12809E+13,7.35922E+12,3.93604E+12,2.85478E+12,1.80979E+12,1.07048E+11,2.54825E+11,13683926218,13172725293,46.69959,2.19635E+11
HUT.HN,9/30/2022,1.15981E+13,7.6677E+12,3.94506E+12,3.30089E+12,2.15047E+12,1.09924E+11,2.22478E+11,9515065949,9861429558,40.06701,3.03571E+11
HUT.HN,12/31/2022,1.16324E+13,7.7589E+12,3.8882E+12,3.13981E+12,2.20858E+12,98279326128,-1.30398E+11,32428855665,32457954837,21.46178,3.09998E+11
HUT.HN,3/31/2023,1.16001E+13,7.72592E+12,3.88895E+12,2.85121E+12,2.22133E+12,57490139977,1.78161E+11,910580444,928187844,33.38072,2.9497E+11
HUT.HN,6/30/2023,1.16712E+13,7.78416E+12,3.9018E+12,2.91812E+12,2.32326E+12,95935334925,4.62185E+11,12743737413,12720171661,43.7617,3.29425E+11
HUT.HN,9/30/2023,2.50894E+13,1.38673E+13,8.4129E+12,8.95365E+12,6.61461E+12,2.94807E+12,-2.49018E+11,12170919306,7391581609,10.59646,2.55599E+12
HUT.HN,12/31/2023,2.6749E+13,1.54357E+13,8.49975E+12,1.03001E+13,8.20311E+12,2.48716E+12,1.31183E+12,27001666881,23083778631,6.64397,7.80137E+12
HUT.HN,3/31/2024,2.6404E+13,1.50587E+13,8.52571E+12,9.7908E+12,7.34829E+12,2.50424E+12,24376439766,32120872696,26025050595,9.87665,5.18309E+12
HUT.HN,6/30/2024,2.73202E+13,1.56596E+13,8.55858E+12,1.1239E+13,7.91419E+12,2.74465E+12,2.40104E+11,58995323533,4149561595,8.76076,6.53582E+12
HUT.HN,9/30/2024,2.80553E+13,1.5868E+13,8.75842E+12,1.17893E+13,7.92441E+12,3.11392E+12,5.6125E+11,36340986895,17831179358,8.48416,8.03135E+12
HUT.HN,12/31/2024,2.89873E+13,1.74364E+13,8.59527E+12,1.23044E+13,8.87569E+12,3.17737E+12,1.46005E+12,1.7729E+11,1.08249E+11,8.66777,1.04786E+13
HUT.HN,3/31/2025,2.96332E+13,1.80697E+13,8.61527E+12,1.29759E+13,9.68867E+12,3.68743E+12,62840404279,37045260747,28860323913,10.63188,6.97598E+12
SVC.HM,12/31/2021,4.42901E+12,2.55901E+12,1.35717E+12,2.10342E+12,2.14856E+12,9.95108E+11,5.33001E+11,1.20796E+11,59972703457,6.57094,5.4608E+12
SVC.HM,3/31/2022,4.53923E+12,2.5383E+12,1.41297E+12,2.15162E+12,2.08008E+12,9.08011E+11,3.57741E+11,95225023961,55155848117,7.76387,4.21779E+12
SVC.HM,6/30/2022,4.34431E+12,2.20617E+12,1.47253E+12,1.89274E+12,1.74771E+12,7.11E+11,3.43018E+11,1.62293E+11,90852410527,8.45173,5.18868E+12
SVC.HM,9/30/2022,5.32354E+12,3.03898E+12,1.5719E+12,2.79049E+12,2.55945E+12,1.07604E+12,-2.62532E+11,1.60196E+11,99913577395,8.7508,5.02304E+12
SVC.HM,12/31/2022,6.14673E+12,3.69106E+12,1.65155E+12,3.46531E+12,3.23212E+12,1.80141E+12,-3.62583E+11,1.68329E+11,80305050579,7.22138,6.88098E+12
SVC.HM,3/31/2023,6.25567E+12,3.8222E+12,1.65695E+12,3.53061E+12,3.34526E+12,2.08917E+12,-4.96325E+11,14679403156,2999992482,6.73116,4.79173E+12
SVC.HM,6/30/2023,6.44273E+12,4.0368E+12,1.63499E+12,3.66385E+12,3.23075E+12,2.15026E+12,-1.24524E+11,10173446381,5617590553,7.75374,4.45442E+12
SVC.HM,9/30/2023,6.61694E+12,4.18189E+12,1.64309E+12,3.64659E+12,3.05742E+12,1.69257E+12,7.04564E+11,8612078214,2843928265,7.04226,5.0306E+12
SVC.HM,12/31/2023,7.17386E+12,4.73393E+12,1.65355E+12,3.9685E+12,2.87858E+12,1.27535E+12,2.03564E+11,10967013893,17156217746,6.19298,6.56016E+12
SVC.HM,3/31/2024,7.1965E+12,4.49789E+12,1.6642E+12,3.90866E+12,2.68007E+12,1.40795E+12,-2.52914E+11,8251985313,13729962549,8.15011,4.06026E+12
SVC.HM,6/30/2024,7.93755E+12,5.1608E+12,1.69746E+12,4.55096E+12,3.10324E+12,1.70567E+12,-4.13791E+11,86334504256,31927405930,7.32027,5.39261E+12
SVC.HM,9/30/2024,8.32064E+12,5.82141E+12,1.65259E+12,4.92073E+12,3.59002E+12,1.65033E+12,3.74005E+11,25433298130,6183548746,6.69167,6.77636E+12
SVC.HM,12/31/2024,8.96175E+12,6.59166E+12,1.47351E+12,4.88646E+12,4.03033E+12,1.67416E+12,3.5713E+11,86601128636,48370134973,6.48237,8.53005E+12
SVC.HM,3/31/2025,9.11156E+12,6.74E+12,1.48754E+12,4.97773E+12,4.10082E+12,1.98143E+12,-6.20846E+11,31796925110,10931411166,7.88555,5.54751E+12
GMA.HN,12/31/2021,1.09678E+11,31226423043,78452063870,24124176730,6754890651,1710433717,-4955391374,1697537338,1697537338,36.80583,13086137673
GMA.HN,3/31/2022,1.20556E+11,41578279382,78977655843,35064139009,16056746990,2244758967,-2739544865,710059164,710059164,9.08822,25093635553
GMA.HN,6/30/2022,1.23361E+11,41343019588,82018479530,34064755829,16215007635,702999678,4641200591,3040823687,3040823687,16.60472,9846290811
GMA.HN,9/30/2022,1.28299E+12,8.35517E+11,2.95165E+11,8.67039E+11,7.82E+11,2.82908E+11,-19898898451,10151363108,8518206157,6.62489,3.93266E+11
GMA.HN,12/31/2022,1.5731E+12,1.11056E+12,3.06234E+11,9.74266E+11,9.60354E+11,3.95665E+11,60910171946,12757300415,12490709004,6.53591,1.43495E+12
GMA.HN,3/31/2023,1.39858E+12,9.35075E+11,3.07965E+11,8.3711E+11,7.80231E+11,3.00447E+11,2.23702E+11,968621652,1730868331,9.05956,6.74549E+11
GMA.HN,6/30/2023,1.27093E+12,8.15401E+11,3.04364E+11,7.46615E+11,6.51443E+11,2.06928E+11,35706896377,-7973811558,-3601085518,8.35223,5.5765E+11
GMA.HN,9/30/2023,1.33916E+12,8.82624E+11,3.0639E+11,8.13739E+11,7.11493E+11,2.4716E+11,44465242056,1002816638,2026339264,7.99463,6.62606E+11
GMA.HN,12/31/2023,1.33887E+12,8.76043E+11,3.11329E+11,7.93177E+11,6.96252E+11,2.23669E+11,-48675544274,6287190901,4939046190,6.52296,8.70397E+11
GMA.HN,3/31/2024,1.34243E+12,8.7968E+11,3.12131E+11,8.18302E+11,6.98033E+11,2.1684E+11,6702109796,-72254709,801713218,8.38947,5.62671E+11
GMA.HN,6/30/2024,1.38182E+12,9.16099E+11,3.14743E+11,8.5557E+11,7.44832E+11,2.34869E+11,-33536382687,3534768538,3121762401,9.67121,5.90253E+11
GMA.HN,9/30/2024,1.53448E+12,1.05838E+12,3.23043E+11,1.01191E+12,8.90507E+11,2.67482E+11,3219119606,10382442146,8299724953,8.32059,7.97435E+11
GMA.HN,12/31/2024,1.49607E+12,1.01872E+12,3.25065E+11,7.57849E+11,8.43283E+11,2.88666E+11,-2.43791E+11,1250955114,2022348186,7.90053,8.61447E+11
GMA.HN,3/31/2025,1.49772E+12,1.01742E+12,3.30076E+11,7.94757E+11,7.69116E+11,2.90633E+11,45187904283,2955755569,5010273515,8.22591,5.93958E+11
BTT.HM,12/31/2021,4.63013E+11,1.05055E+11,3.52794E+11,88123704387,16455233759,21384258801,3979117854,571499478,214090062,40.95683,25166159029
BTT.HM,3/31/2022,4.6246E+11,1.0247E+11,3.54814E+11,93118525002,17507915786,21304247382,6998303864,2032645653,2019670587,44.13458,26763448357
BTT.HM,6/30/2022,4.73944E+11,1.08796E+11,3.60073E+11,1.06969E+11,23065719470,20834596444,14436709881,5250211007,5027120771,53.84244,37774781287
BTT.HM,9/30/2022,4.82609E+11,1.18236E+11,3.59391E+11,1.1665E+11,32919931113,22188655965,19965981415,9324661323,9092540301,51.71627,45141982505
BTT.HM,12/31/2022,4.70848E+11,1.05427E+11,3.60554E+11,1.22502E+11,25015781060,25836754467,2996913557,1093579100,1208282940,52.50818,53080940316
BTT.HM,3/31/2023,4.89106E+11,1.1118E+11,3.73068E+11,1.43269E+11,33238765056,27821186410,12388922192,12505298020,12513745489,54.95989,55923702417
BTT.HM,6/30/2023,5.14482E+11,1.19921E+11,3.897E+11,1.64967E+11,42348766643,31444175083,16734226875,16635250722,16307305585,50.24979,54412597212
BTT.HM,9/30/2023,5.0983E+11,1.30666E+11,3.74287E+11,1.61598E+11,54111668114,35093240812,24334223031,11602374645,11587107687,52.1473,54973757051
BTT.HM,12/31/2023,5.0837E+11,1.20528E+11,3.83031E+11,1.64296E+11,44782420363,36571366363,2739553314,8678530202,9069548554,45.10988,67123382425
BTT.HM,3/31/2024,5.11178E+11,1.10612E+11,3.95719E+11,1.70815E+11,36267478701,36014750531,7453555624,12724039962,12687383565,48.95118,66140765965
BTT.HM,6/30/2024,5.23996E+11,1.11601E+11,4.07511E+11,1.86719E+11,37159289281,37307032415,15296801984,11827630748,11791696618,47.19387,69915470607
BTT.HM,9/30/2024,5.19284E+11,1.4012E+11,3.74269E+11,1.84997E+11,66348684857,42904951467,20900214384,11994777798,11983632543,53.84936,59982950252
BTT.HM,12/31/2024,5.05577E+11,1.1598E+11,3.84666E+11,1.71544E+11,43397432785,48762233800,3909906944,10432302905,10396401474,42.14037,80478532804
BTT.HM,3/31/2025,5.18051E+11,1.13928E+11,3.99151E+11,1.87551E+11,43498257621,43749492250,21571363305,14527333919,14484952974,44.33498,79222494630
HTM.HNO,12/31/2021,3.02559E+12,7.48949E+11,2.25624E+12,1.0728E+12,3.46512E+11,37274474787,44989263971,2346424411,3437672757,-0.40284,1.42526E+11
HTM.HNO,3/31/2022,3.04994E+12,7.80237E+11,2.24926E+12,1.08231E+12,3.91563E+11,53571556770,-67872705944,-7131281598,-6986832176,22.00039,1.06983E+11
HTM.HNO,6/30/2022,2.99153E+12,7.25533E+11,2.24425E+12,1.01087E+12,3.90673E+11,57796988682,-15973944638,-2503813570,-2517697953,27.41196,1.01633E+11
HTM.HNO,9/30/2022,2.97997E+12,7.0848E+11,2.24986E+12,1.03161E+12,3.7643E+11,51708544029,20313854948,5353300156,5609812123,31.81823,86974688928
HTM.HNO,12/31/2022,2.95078E+12,6.87031E+11,2.24389E+12,1.01089E+12,3.15692E+11,48190075753,-21092203801,-8559293991,-8684690378,39.22911,94350613220
HTM.HNO,3/31/2023,2.94313E+12,6.92841E+11,2.23024E+12,1.01239E+12,3.184E+11,46791726491,7740573915,-13455052875,-13652187604,30.06136,94409399491
HTM.HNO,6/30/2023,3.23566E+12,9.94615E+11,2.22151E+12,1.30532E+12,7.15061E+11,27544970753,-141131361,-8978500838,-8666885701,24.74634,1.07709E+11
HTM.HNO,9/30/2023,3.25556E+12,1.01916E+12,2.21922E+12,1.34182E+12,7.4152E+11,29044429025,15986410922,-4611485949,-4926905732,28.92578,98609867173
HTM.HNO,12/31/2023,3.27548E+12,1.04201E+12,2.21313E+12,1.34036E+12,7.67424E+11,36004406247,-3.28705E+11,-3061511994,-3501958420,13.43573,1.43672E+11
HTM.HNO,3/31/2024,3.30368E+12,1.06911E+12,2.21391E+12,1.3736E+12,7.92864E+11,41345823403,9413025733,1103501303,776699284,19.87802,1.45823E+11
HTM.HNO,6/30/2024,3.33746E+12,1.11619E+12,2.20444E+12,1.39868E+12,9.30528E+11,25483220335,-84714407119,-6469642040,-6209277513,24.50511,98656786536
HTM.HNO,9/30/2024,3.34964E+12,1.14455E+12,2.1886E+12,1.39331E+12,9.58426E+11,41641168455,-366853888,-13033338373,-12597748772,25.92753,99474205597
HTM.HNO,12/31/2024,3.12183E+12,9.08018E+11,2.19308E+12,1.04348E+12,6.8412E+11,32433451862,2.97095E+11,-9014441479,-5072954329,76.84165,3.81899E+11
HTM.HNO,3/31/2025,3.12581E+12,9.09572E+11,2.19602E+12,1.05454E+12,6.62066E+11,45920630000,-34155484373,2938989830,2941083609,23.05526,1.25848E+11
CTF.HM,12/31/2021,1.76209E+12,9.50263E+11,7.82121E+11,1.19624E+12,8.83309E+11,3.25138E+11,1.93043E+11,42582255187,40863753807,6.23271,1.66979E+12
CTF.HM,3/31/2022,1.65767E+12,8.31195E+11,7.9572E+11,1.09113E+12,7.63002E+11,2.58035E+11,2268484591,14646188034,13599272789,8.44257,9.72605E+11
CTF.HM,6/30/2022,2.06654E+12,1.21912E+12,8.1797E+11,1.48234E+12,1.13961E+12,2.0659E+11,-1.81563E+11,23523916617,22249985117,7.51616,1.59138E+12
CTF.HM,9/30/2022,2.2435E+12,1.35624E+12,8.56069E+11,1.6388E+12,1.25789E+12,2.81197E+11,-1.10326E+11,39843052873,38099626159,9.18605,1.48602E+12
CTF.HM,12/31/2022,2.5267E+12,1.60205E+12,8.93835E+11,1.73381E+12,1.4733E+12,4.76409E+11,-2.43846E+11,39516705360,37765881817,9.52278,2.25653E+12
CTF.HM,3/31/2023,2.62099E+12,1.68498E+12,9.04533E+11,1.82529E+12,1.54921E+12,4.49754E+11,-2.11132E+11,11200653337,10697977019,6.10127,1.62686E+12
CTF.HM,6/30/2023,3.12429E+12,2.18937E+12,9.08915E+11,2.32352E+12,2.0538E+12,5.37042E+11,-2.85338E+11,3719318872,4381266237,5.61385,1.5862E+12
CTF.HM,9/30/2023,3.45659E+12,2.39623E+12,9.87949E+11,2.32599E+12,1.96082E+12,4.70841E+11,1.91091E+11,25067196381,22762028855,4.75757,1.6927E+12
CTF.HM,12/31/2023,3.65746E+12,2.5828E+12,9.91836E+11,2.59199E+12,2.2203E+12,6.13891E+11,-2.98655E+11,4800984479,3887083373,6.43194,2.19503E+12
CTF.HM,3/31/2024,3.52471E+12,2.44259E+12,9.95494E+11,2.48246E+12,2.0964E+12,4.65658E+11,1.26077E+11,6838237963,7748274574,4.72118,1.50491E+12
CTF.HM,6/30/2024,3.53864E+12,2.46073E+12,9.98625E+11,2.51841E+12,2.18267E+12,4.82564E+11,-1.1526E+11,2460686839,3241882392,5.42372,1.81874E+12
CTF.HM,9/30/2024,3.8858E+12,2.80543E+12,1.00061E+12,2.75805E+12,2.52199E+12,5.75647E+11,-2.06724E+11,2520850643,2046514737,6.02872,2.07692E+12
CTF.HM,12/31/2024,3.91763E+12,2.79512E+12,1.03827E+12,2.78052E+12,2.41796E+12,6.13979E+11,1.29804E+11,36116039726,33394828890,6.44177,2.77351E+12
CTF.HM,3/31/2025,4.21865E+12,3.09323E+12,1.04051E+12,3.09334E+12,2.75824E+12,6.56932E+11,-1.36223E+11,2911782039,2243311358,5.85297,2.01053E+12
HAX.HM,12/31/2021,1.27722E+12,5.67211E+11,7.07784E+11,9.35778E+11,5.63206E+11,5.81173E+11,2.59359E+11,1.25545E+11,1.25814E+11,9.39316,2.15609E+12
HAX.HM,3/31/2022,1.46762E+12,7.03407E+11,7.62066E+11,1.19647E+12,5.19314E+11,3.10023E+11,1.34955E+11,54209071583,54281400983,6.39748,1.66131E+12
HAX.HM,6/30/2022,1.35278E+12,5.07875E+11,8.42639E+11,1.07893E+12,3.24048E+11,2.0587E+11,2.12528E+11,80689711919,80573511488,8.62953,1.54562E+12
HAX.HM,9/30/2022,1.99096E+12,1.11323E+12,8.75343E+11,1.18418E+12,9.29528E+11,3.22473E+11,-3.06631E+11,57582531541,57461876268,5.91763,1.97049E+12
HAX.HM,12/31/2022,2.57865E+12,1.60973E+12,9.22406E+11,1.58578E+12,1.42513E+12,1.06481E+12,-6.82801E+11,47251424884,47063607471,7.30784,1.59777E+12
HAX.HM,3/31/2023,2.14021E+12,9.87789E+11,1.10588E+12,1.04382E+12,9.83117E+11,6.94903E+11,4.80215E+11,3503204132,3475432308,7.72733,9.92684E+11
HAX.HM,6/30/2023,1.61564E+12,4.60484E+11,1.10758E+12,6.40406E+11,4.56058E+11,4.0425E+11,2.90977E+11,2735995902,1700005377,7.07915,7.97173E+11
HAX.HM,9/30/2023,1.84027E+12,7.12749E+11,1.07919E+12,8.80696E+11,7.09143E+11,5.82719E+11,-1.93348E+11,8335897987,7579527936,5.79759,1.11526E+12
HAX.HM,12/31/2023,2.00629E+12,8.42284E+11,1.11502E+12,1.07176E+12,8.39432E+11,6.96117E+11,-1.443E+11,22481359822,21834210895,7.35082,1.07681E+12
HAX.HM,3/31/2024,2.10254E+12,8.68772E+11,1.12871E+12,1.20999E+12,8.6742E+11,6.90093E+11,-42631670687,31762001526,22241236502,9.19881,1.03766E+12
HAX.HM,6/30/2024,1.99547E+12,7.70609E+11,1.10819E+12,1.09201E+12,7.69942E+11,6.36406E+11,1.63785E+11,21987286961,7500896113,8.56847,1.1226E+12
HAX.HM,9/30/2024,2.50245E+12,1.14865E+12,1.16972E+12,1.57202E+12,1.1481E+12,8.00731E+11,-2.08E+11,90288174188,61552706326,11.34323,1.53561E+12
HAX.HM,12/31/2024,2.40902E+12,9.18279E+11,1.2034E+12,1.31574E+12,9.17737E+11,6.60821E+11,4.50396E+11,59532213245,33678385170,8.03852,1.81742E+12
HAX.HM,3/31/2025,2.65342E+12,1.16166E+12,1.20854E+12,1.57683E+12,1.16111E+12,9.76022E+11,-4.11851E+11,16506701402,5142417651,9.7664,9.58609E+11
